id,name,model_id:id,group_id:id,perm_read,perm_write,perm_create,perm_unlink
access_pulse_config_user,pulse.config user,model_pulse_config,group_pulse_user,1,0,0,0
access_pulse_config_manager,pulse.config manager,model_pulse_config,group_pulse_manager,1,1,0,0
access_pulse_config_admin,pulse.config admin,model_pulse_config,group_pulse_integration_admin,1,1,1,1
access_pulse_api_key_admin,pulse.api.key admin,model_pulse_api_key,group_pulse_integration_admin,1,1,1,1
access_pulse_request_log_manager,pulse.request.log manager,model_pulse_request_log,group_pulse_manager,1,0,0,0
access_pulse_request_log_admin,pulse.request.log admin,model_pulse_request_log,group_pulse_integration_admin,1,1,1,1
access_pulse_rate_limit_admin,pulse.rate.limit admin,model_pulse_rate_limit,group_pulse_integration_admin,1,1,1,1
access_score_rule_user,crm.lead.score.rule user,model_crm_lead_score_rule,group_pulse_user,1,0,0,0
access_score_rule_manager,crm.lead.score.rule manager,model_crm_lead_score_rule,group_pulse_manager,1,1,1,1
access_pulse_event_user,pulse.event user,model_pulse_event,group_pulse_user,1,0,0,0
access_pulse_event_manager,pulse.event manager,model_pulse_event,group_pulse_manager,1,1,1,0
access_pulse_event_admin,pulse.event admin,model_pulse_event,group_pulse_integration_admin,1,1,1,1
access_pulse_job_manager,pulse.job manager,model_pulse_job,group_pulse_manager,1,1,1,0
access_pulse_job_admin,pulse.job admin,model_pulse_job,group_pulse_integration_admin,1,1,1,1
access_pulse_cash_bridge_user,pulse.cash.bridge user,model_pulse_cash_bridge,group_pulse_user,1,0,0,0
access_pulse_cash_bridge_manager,pulse.cash.bridge manager,model_pulse_cash_bridge,group_pulse_manager,1,1,1,0
access_pulse_cash_bridge_admin,pulse.cash.bridge admin,model_pulse_cash_bridge,group_pulse_integration_admin,1,1,1,1
access_pulse_close_checklist_user,pulse.close.checklist user,model_pulse_close_checklist,group_pulse_user,1,0,0,0
access_pulse_close_checklist_manager,pulse.close.checklist manager,model_pulse_close_checklist,group_pulse_manager,1,1,1,0
access_pulse_close_checklist_admin,pulse.close.checklist admin,model_pulse_close_checklist,group_pulse_integration_admin,1,1,1,1
access_pulse_idempotency_admin,pulse.idempotency admin,model_pulse_idempotency,group_pulse_integration_admin,1,1,1,1
access_pulse_sla_policy_user,pulse.sla.policy user,model_pulse_sla_policy,group_pulse_user,1,0,0,0
access_pulse_sla_policy_manager,pulse.sla.policy manager,model_pulse_sla_policy,group_pulse_manager,1,1,1,1
access_pulse_webhook_receipt_admin,pulse.webhook.receipt admin,model_pulse_webhook_receipt,group_pulse_integration_admin,1,1,1,1
access_pulse_bank_match_user,pulse.bank.match user,model_pulse_bank_match,group_pulse_user,1,0,0,0
access_pulse_bank_match_manager,pulse.bank.match manager,model_pulse_bank_match,group_pulse_manager,1,1,1,0
access_pulse_bank_match_admin,pulse.bank.match admin,model_pulse_bank_match,group_pulse_integration_admin,1,1,1,1
access_pulse_budget_user,pulse.budget user,model_pulse_budget,group_pulse_user,1,0,0,0
access_pulse_budget_manager,pulse.budget manager,model_pulse_budget,group_pulse_manager,1,1,1,1